id,url_slug,type_name,city_name,region_name,koatuu,katottg
1,dnipro,місто,Дніпро,Дніпропетровська область,1210100000,UA12020010010037010
2,kyiv,місто,Київ,Київ,8000000000,UA80000000000093317
3,ivano-frankivsk,місто,Івано-Франківськ,Івано-Франківська область,2610100000,UA26040190010045761
4,ternopil,місто,Тернопіль,Тернопільська область,6110100000,UA61040490010069060
5,sursko-lytovske,село,Сурсько-Литовське,Дніпропетровська область,1221487501,UA12020290010050775
6,novooleksandrivka,село,Новоолександрівка,Дніпропетровська область,1221486201,UA12020130010023313
7,burshtyn,місто,Бурштин,Івано-Франківська область,2610300000,UA26040070010092973
8,rivne,місто,Рівне,Рівненська область,5610100000,UA56060470010041018
9,zahvizdia,село,Загвіздя,Івано-Франківська область,2625881101,UA26040170010079109
10,kalush,місто,Калуш,Івано-Франківська область,2610400000,UA26060170010082672
11,kryvyi-rih,місто,Кривий Ріг,Дніпропетровська область,1211000000,UA12060170010065850
12,zhovti-vody,місто,Жовті Води,Дніпропетровська область,1210700000,UA12040110010051141
13,zelenedolsk,місто,Зеленедольск,Дніпропетровська область,NULL,NULL
14,nikopol,місто,Нікополь,Дніпропетровська область,1211600000,UA12080050010010114
15,pavlohrad,місто,Павлоград,Дніпропетровська область,1212400000,UA12120070010055676
16,pokrov,місто,Покров,Дніпропетровська область,1212100000,UA12080090010010311
17,bovshiv,село,Бовшів,Івано-Франківська область,2621280601,UA26040070020097949
18,sofiivska-borshchahivka,село,Софіївська Борщагівка,Київська область,3222486201,UA32080050020065009
19,vasylkiv,місто,Васильків,Київська область,3210700000,UA32120030010069648
20,boryspil,місто,Бориспіль,Київська область,3210500000,UA32040010010093209
21,bohuslav,місто,Богуслав,Київська область,3220610100,UA32120010010027554
22,vyshhorod,місто,Вишгород,Київська область,3221810100,UA32100010010059200
23,ivankiv,село,Іванків,Київська область,3222055100,UA32100050010050212
24,velykaia-dymerka,місто,Великая Димерка,Київська область,NULL,NULL
25,irpin,місто,Ірпінь,Київська область,3210900000,UA32080150010049888
26,pereiaslav-khmelnytskyi,місто,Переяслав-Хмельницький,Київська область,3211000000,UA32040110010043320
27,kaharlyk,місто,Кагарлик,Київська область,3222210100,UA32120050010091788
28,boiarka,місто,Боярка,Київська область,3222410300,UA32140030010045925
29,uzyn,місто,Узин,Київська область,3220410500,UA32020230010055093
30,vyshneve,місто,Вишневе,Київська область,3222410600,UA32080090010037585
31,obukhiv,місто,Обухів,Київська область,3211600000,UA32120110010071582
32,obukhivka,селище міського типу,Обухівка,Дніпропетровська область,1221455400,UA12020170010095010
33,zaporizhzhia,місто,Запоріжжя,Запорізька область,2310100000,UA23060070010069526
34,odesa,місто,Одеса,Одеська область,5110100000,UA51100270010076757
35,kamianske,місто,Кам’янське,Дніпропетровська область,1221882403,UA12040150010056523
36,vilnohirsk,місто,Вільногірськ,Дніпропетровська область,1210200000,UA12040090010047409
37,protesy,село,Протеси,Львівська область,4621585303,UA46100070210018823
38,halych,місто,Галич,Івано-Франківська область,2621210100,UA26040090010078723
39,yaremche,місто,Яремче,Івано-Франківська область,2611000000,UA26120150010047425
40,novomoskovsk,місто,Новомосковськ,Дніпропетровська область,1211900000,UA12100070010038698
41,kramatorsk,місто,Краматорськ,Донецька область,1412900000,UA14120090010038661
42,mariupol,місто,Маріуполь,Донецька область,1412300000,UA14140050010029262
43,mykolaivka,селище міського типу,Миколаївка,Донецька область,1424210800,UA14120130010079249
44,bakhmut,місто,Бахмут,Донецька область,1410300000,UA14020010010059145
45,kurakhove,місто,Курахове,Донецька область,1423310600,UA14160110010020758
46,novoluhanske,селище,Новолуганське,Донецька область,1420986201,UA14020050180051627
218,brovary,місто,Бровари,Київська область,3210600000,UA32060050010081797
219,kharkiv,місто,Харків,Харківська область,6310100000,UA63120270010096107
220,partyzanske,село,Партизанське,Дніпропетровська область,1221486601,UA12020250050057051
224,shepetivka,місто,Шепетівка,Хмельницька область,6810700000,UA68060330010023704
233,hlibivka,село,Глібівка,Київська область,3221882201,UA32100030070068739
241,vovchynets,село,Вовчинець,Івано-Франківська область,2610190501,UA26040190040052306
245,lviv,місто,Львів,Львівська область,4610100000,UA46060250010015970
246,nerubaiske,село,Нерубайське,Одеська область,5121084201,UA51100230010045417
248,uhornyky,село,Угорники,Івано-Франківська область,2610196601,UA26040190150033413
249,chernivtsi,місто,Чернівці,Чернівецька область,7310100000,UA73060610010033137
251,konopnytsia,село,Конопниця,Львівська область,4623683401,UA46060310030062431
254,vinnytsia,місто,Вінниця,Вінницька область,0510100000,UA05020030010063857
260,sursko-klevtseve,село,Сурсько-Клевцеве,Дніпропетровська область,1221486405,UA12020290040084960
261,pidhorodne,місто,Підгородне,Дніпропетровська область,1221411000,UA12020210010051215
270,broshniv-osada,селище міського типу,Брошнів-Осада,Івано-Франківська область,2624855400,UA26060030010070530
271,slobidka-bilshivtsivska,місто,Слобідка-Більшівцівська,Івано-Франківська область,NULL,NULL
272,sumy,місто,Суми,Сумська область,5910100000,UA59080270010036634
274,chabany,селище міського типу,Чабани,Київська область,3222457400,UA32140170010072394
275,vyhivka,село,Вигівка,Івано-Франківська область,2610390001,UA26040070030042034
276,liubymivka,село,Любимівка,Дніпропетровська область,1222086004,UA12040170180062794
277,lubny,місто,Лубни,Полтавська область,5310700000,UA53040030010081016
282,prolisky,село,Проліски,Київська область,3220888003,UA32040130070086013
283,demeshkivtsi,село,Демешківці,Івано-Франківська область,2621281801,UA26040090070090580
285,dobropillia,місто,Добропілля,Донецька область,1422082201,UA14160090040054447
288,vasyshcheve,селище міського типу,Васищеве,Харківська область,6325156400,UA63120010020068237
290,yasnohirka,селище міського типу,Ясногірка,Донецька область,1412947700,UA14120090100059300
291,raihorodok,селище міського типу,Райгородок,Донецька область,1424256200,UA14120130030018028
292,druzhkivka,місто,Дружківка,Донецька область,1411700000,UA14120030010055241
293,kostiantynivka,місто,Костянтинівка,Донецька область,1412600000,UA14120070010085843
294,svitlodarsk,місто,Світлодарськ,Донецька область,1420910600,UA14020050010014183
295,myronivskyi,селище міського типу,Миронівський,Донецька область,1420955500,UA14020050040093199
296,soledar,місто,Соледар,Донецька область,1420910800,UA14020090010053316
297,pokrovsk,місто,Покровськ,Донецька область,1413200000,UA14160210010099403
298,volnovakha,місто,Волноваха,Донецька область,1421510100,UA14040030010074500
299,novotroitske,селище міського типу,Новотроїцьке,Донецька область,1421556800,UA14040110050089086
300,volodymyrivka,село,Володимирівка,Донецька область,1420982001,UA14020090100090447
301,toretsk,місто,Торецьк,Донецька область,1411200000,UA14020110010025394
302,novhorodske,селище міського типу,Новгородське,Донецька область,1411246500,UA14020110050044480
303,sloviansk,місто,Слов'янськ,Донецька область,1414100000,UA14120210010032554
304,pisochyn,село,Пісочин,Харківська область,6320884504,UA63020010510060016
305,kushuhum,селище міського типу,Кушугум,Запорізька область,2322155600,UA23060110010013081
306,doslidne,селище,Дослідне,Дніпропетровська область,1221486205,UA12020130120084936
307,chornomorsk,місто,Чорноморськ,Одеська область,5110800000,UA51100370010020298
308,poltava,місто,Полтава,Полтавська область,5310100000,UA53080370010073240
312,chernihiv,місто,Чернігів,Чернігівська область,7410100000,UA74100390010054825
313,novovolynsk,місто,Нововолинськ,Волинська область,0710700000,UA07020130010041880
316,berestky,село,Берестки,Донецька область,1422782302,UA14160110060043103
317,simferopol,місто,Сімферополь,Автономна Республіка Крим,0110100000,NULL
323,alushta,місто,Алушта,Автономна Республіка Крим,0110300000,UA01200030010082401
349,dzhankoi,місто,Джанкой,Автономна Республіка Крим,0110600000,UA01060050010078305
350,yevpatoriia,місто,Євпаторія,Автономна Республіка Крим,0110900000,UA01080150010090810
354,kerch,місто,Керч,Автономна Республіка Крим,0111200000,UA01100210010057785
361,feodosiia,місто,Феодосія,Автономна Республіка Крим,0111600000,UA01180710010062019
394,yalta,місто,Ялта,Автономна Республіка Крим,0111900000,UA01200310010053783
503,bilohirsk,місто,Білогірськ,Автономна Республіка Крим,0120710100,UA01040050010076142
667,mysove,село,Мисове,Автономна Республіка Крим,0122785801,UA01100370010043734
684,vladyslavivka,село,Владиславівка,Автономна Республіка Крим,0123184602,UA01040530020097860
737,klepynine,село,Клепиніне,Автономна Республіка Крим,0122081801,UA01120190010049914
795,ishun,село,Ішунь,Автономна Республіка Крим,0122382201,NULL
866,nyzhnohirskyi,селище міського типу,Нижньогірський,Автономна Республіка Крим,0123155100,UA01040510010040141
939,rozdolne,селище міського типу,Роздольне,Автономна Республіка Крим,0123955100,NULL
1129,chornomorske,селище міського типу,Чорноморське,Автономна Республіка Крим,0125655100,UA01080770010068666
1151,zhmerynka,місто,Жмеринка,Вінницька область,0510300000,UA05060050010030599
1152,mohyliv-podilskyi,місто,Могилів-Подільський,Вінницька область,0510400000,UA05080050010069812
1155,koziatyn,місто,Козятин,Вінницька область,0521482803,UA05120090040015328
1157,ladyzhyn,місто,Ладижин,Вінницька область,0510600000,UA05040130010040578
1161,khmilnyk,місто,Хмільник,Вінницька область,0510900000,UA05120170010081140
1162,bar,місто,Бар,Вінницька область,0520210100,UA05060010010059821
1299,stryzhavka,селище міського типу,Стрижавка,Вінницька область,0520655900,UA05020230010011069
1304,vinnytski-khutory,село,Вінницькі Хутори,Вінницька область,0520681003,UA05020030040041811
1338,pultivtsi,село,Пултівці,Вінницька область,0520685501,UA05020310130067951
1349,haisyn,місто,Гайсин,Вінницька область,0520810100,UA05040030010071792
1465,illintsi,місто,Іллінці,Вінницька область,0521210100,UA05020090010088788
1518,bilopillia,село,Білопілля,Вінницька область,0521480403,UA05120010030015301
1580,hrushkivtsi,село,Грушківці,Вінницька область,0521680306,UA05120050030018637
1595,ivaniv,село,Іванів,Вінницька область,0521682803,UA05120050010068533
1659,lypovets,місто,Липовець,Вінницька область,0522285603,UA05020110350031399
1660,turbiv,селище міського типу,Турбів,Вінницька область,0522255500,UA05020290010087426
2038,starostyntsi,село,Старостинці,Вінницька область,0523487001,UA05020210500073162
2086,tomashpil,селище міського типу,Томашпіль,Вінницька область,0524885603,UA05120170370074988
2115,trostianets,селище міського типу,Тростянець,Вінницька область,0524586801,UA05020050180059043
2141,tulchyn,місто,Тульчин,Вінницька область,0524310100,UA05100150010035552
2153,zaozerne-1,село,Заозерне,Вінницька область,0524381201,UA05040130030080852
2237,kachanivka,село,Качанівка,Вінницька область,0524882701,UA05120030050033396
2406,lutsk,місто,Луцьк,Волинська область,0710100000,UA07080170010083384
2407,volodymyr-volynskyi,місто,Володимир-Волинський,Волинська область,0710200000,UA07020010010041660
2408,kovel,місто,Ковель,Волинська область,0710400000,UA07060190010068509
2441,zymne,село,Зимне,Волинська область,0720582001,UA07020050010049312
2484,pidhaitsi,село,Підгайці,Волинська область,0720586603,UA07020050180016539
2488,horokhiv,місто,Горохів,Волинська область,0720810100,UA07080070010026475
2639,kamin-kashyrskyi,місто,Камінь-Каширський,Волинська область,0721410100,UA07040010010025318
2690,rakiv-lis,село,Раків Ліс,Волинська область,0721486601,UA07040010470098142
2710,vyshniv,село,Вишнів,Волинська область,0723380401,UA07060050010010463
2726,zhydychyn,село,Жидичин,Волинська область,0721882701,UA07080170130099900
2728,lypliany,село,Липляни,Волинська область,0721882704,UA07080170210054580
2984,liubeshiv,селище міського типу,Любешів,Волинська область,0723155100,UA07040030010024333
3008,zaliznytsia,село,Залізниця,Волинська область,0723185601,UA07040030180028234
3030,liuboml,місто,Любомль,Волинська область,0723310100,UA07060270010018151
3093,manevychi,селище міського типу,Маневичі,Волинська область,0723655100,UA07040050010044229
3115,kostiukhnivka,село,Костюхнівка,Волинська область,0723683401,UA07040050160059649
3139,staryi-chortoryisk,село,Старий Чорторийськ,Волинська область,0723686601,UA07040050310035398
3144,mala-vedmezhka,село,Мала Ведмежка,Волинська область,0723687603,UA07040050200073071
3276,stara-vyzhivka,селище міського типу,Стара Вижівка,Волинська область,0725055100,UA07060410010057761
3302,smidyn,село,Смідин,Волинська область,0725085001,UA07060390010020920
3380,shatsk,селище міського типу,Шацьк,Волинська область,0725755100,UA07060450010076290
3405,svitiaz,село,Світязь,Волинська область,0725785601,UA07060450280042232
3417,marhanets,місто,Марганець,Дніпропетровська область,1211300000,UA12080010010085669
3421,pershotravensk,місто,Першотравенськ,Дніпропетровська область,1212600000,UA12140210010011011
3422,synelnykove,місто,Синельникове,Дніпропетровська область,1213000000,UA12140310010049426
3423,ternivka-1,місто,Тернівка,Дніпропетровська область,1213500000,UA12120090010057273
3425,apostolove,місто,Апостолове,Дніпропетровська область,1220310100,UA12060010010033935
3428,zelenodolsk,місто,Зеленодольськ,Дніпропетровська область,1220310300,UA12060130010067974
3448,katerynivka,село,Катеринівка,Дніпропетровська область,1225685004,UA12020110040055113
3463,vasylkivka,селище міського типу,Васильківка,Дніпропетровська область,1220755100,UA12140030010030626
3485,chaplyne,селище міського типу,Чаплине,Дніпропетровська область,1220755700,UA12140070020052079
3541,verkhnodniprovsk,місто,Верхньодніпровськ,Дніпропетровська область,1221010100,UA12040050010019298
3542,verkhivtseve,місто,Верхівцеве,Дніпропетровська область,1221010300,UA12040030010058766
3544,dniprovske,селище міського типу,Дніпровське,Дніпропетровська область,1221055400,UA12040050020044460
3596,saksahan,село,Саксагань,Дніпропетровська область,1221086606,UA12040030090045960
3606,slobozhanske,селище міського типу,Слобожанське,Дніпропетровська область,1221455800,UA12020250010046556
3620,stari-kodaky,село,Старі Кодаки,Дніпропетровська область,1221486207,UA12020130090014855
3629,radushne,селище міського типу,Радушне,Дніпропетровська область,1221855500,UA12060250020053088
3638,nadiia,село,Надія,Дніпропетровська область,1222055704,UA12040010240039484
3661,lozuvatka,село,Лозуватка,Дніпропетровська область,1225681104,UA12020070040018476
3681,novopokrovka-1,село,Новопокровка,Дніпропетровська область,1221885906,UA12060050140036245
3819,mezhova,селище міського типу,Межова,Дніпропетровська область,1222655100,UA12140150010037835
3826,solone,селище міського типу,Солоне,Дніпропетровська область,1225055100,UA12020270010031228
3851,chervonohryhorivka,селище міського типу,Червоногригорівка,Дніпропетровська область,1222955700,UA12080150010074990
3867,loshkarivka,село,Лошкарівка,Дніпропетровська область,1225284407,UA12060270290073166
3872,prymiske,село,Приміське,Дніпропетровська область,1222983901,UA12080110080091652
3873,starozavodske,село,Старозаводське,Дніпропетровська область,1222983904,UA12080110100068248
3885,pokrovske,село,Покровське,Дніпропетровська область,1224255100,UA12140250010057863
3901,hubynykha,селище міського типу,Губиниха,Дніпропетровська область,1223255600,UA12100010010056420
3908,troitske,село,Троїцьке,Дніпропетровська область,1223282005,UA12100090170048339
3922,orlivshchyna,село,Орлівщина,Дніпропетровська область,1223285001,UA12100110060092538
3923,pishchanka-1,село,Піщанка,Дніпропетровська область,1223285501,UA12100110010053622
4248,marie-dmytrivka,село,Мар'є-Дмитрівка,Дніпропетровська область,1225284101,UA12060110190092975
4302,tsarychanka,селище міського типу,Царичанка,Дніпропетровська область,1225655100,UA12020310010078504
4345,mohylivka-1,село,Могилівка,Дніпропетровська область,1225882204,UA12060150130064122
4361,svystunove,село,Свистунове,Дніпропетровська область,1225885709,UA12060070130013050
4404,donetsk,місто,Донецьк,Донецька область,1410100000,UA14080030010048113
4428,debaltseve-1,місто,Дебальцеве,Донецька область,1410900000,UA14060050010077630
4479,sartana,селище міського типу,Сартана,Донецька область,1412365300,UA14140090010010726
4500,lyman,місто,Лиман,Донецька область,1413300000,UA14120110010088407
4534,novohrodivka,місто,Новогродівка,Донецька область,1413600000,UA14160170010061687
4535,selydove,місто,Селидове,Донецька область,1413800000,UA14160230010080205
4543,sviatohirsk,місто,Святогірськ,Донецька область,1414170500,UA14120190010047280
4630,ocheretyne,село,Очеретине,Донецька область,1420386901,UA14120170330088067
4637,katerynivka-1,село,Катеринівка,Донецька область,1420387303,UA14120150040047213
4647,amvrosiivka,місто,Амвросіївка,Донецька область,1420610100,UA14080010010080957
4718,siversk,місто,Сіверськ,Донецька область,1420910400,UA14020070010064896
4787,opytne-1,селище,Опитне,Донецька область,1420986501,UA14020010170066541
4862,donske-1,селище міського типу,Донське,Донецька область,1421555900,UA14040030020098017
5001,illinivka,село,Іллінівка,Донецька область,1422482701,UA14120050010016211
5113,marinka-1,місто,Мар'їнка,Донецька область,1423310100,UA14160130010089415
5114,krasnohorivka-1,місто,Красногорівка,Донецька область,1423310400,UA14160130020025938
5182,manhush,селище міського типу,Мангуш,Донецька область,1423955100,UA14140030010076696
5204,cherkaske-1,селище міського типу,Черкаське,Донецька область,1424256500,UA14120230010052599
5343,zhytomyr,місто,Житомир,Житомирська область,1810100000,UA18040190010057814
5344,berdychiv,місто,Бердичів,Житомирська область,1810400000,UA18020030010047029
5345,korosten,місто,Коростень,Житомирська область,1810700000,UA18060090010074365
5346,malyn,місто,Малин,Житомирська область,1810900000,UA18060130010010134
5347,novohrad-volynskyi,місто,Новоград-Волинський,Житомирська область,1811000000,UA18080150010017476
5348,andrushivka-1,місто,Андрушівка,Житомирська область,1820310100,UA18020010010097402
5389,baranivka-1,місто,Баранівка,Житомирська область,1823486802,UA18060130030053260
5494,reia,село,Рея,Житомирська область,1820885401,UA18020070120028944
5818,klitchyn,село,Клітчин,Житомирська область,1822084103,UA18040150070094154
5843,sloboda-selets,село,Слобода-Селець,Житомирська область,1822086803,UA18040490180034886
5940,korostyshiv,місто,Коростишів,Житомирська область,1822510100,UA18040250010085012
6029,liubar,селище міського типу,Любар,Житомирська область,1823155100,UA18040290010026645
6149,narodychi,селище міського типу,Народичі,Житомирська область,1823755100,UA18060150010061189
6297,ovruch,місто,Овруч,Житомирська область,1824210100,UA18060170010010060
6417,olevsk,місто,Олевськ,Житомирська область,1824410100,UA18060190010064821
6498,radomyshl-1,місто,Радомишль,Житомирська область,1825010100,UA18040450010049683
6662,cherniakhiv,селище міського типу,Черняхів,Житомирська область,1825655100,UA18040590010051487
6687,pekarshchyna,село,Пекарщина,Житомирська область,1825686801,UA18040590260075064
6748,uzhhorod,місто,Ужгород,Закарпатська область,2110100000,UA21100230010016545
6751,mukachevo,місто,Мукачево,Закарпатська область,2110400000,UA21040150010056148
6752,khust,місто,Хуст,Закарпатська область,2110800000,UA21120250010053148
6800,velykyi-bereznyi,селище міського типу,Великий Березний,Закарпатська область,2120855100,UA21100030010048161
6895,nyzhni-vorota,село,Нижні Ворота,Закарпатська область,2121584201,UA21040190010057812
6908,irshava,місто,Іршава,Закарпатська область,2121910100,UA21120130010065349
6974,nyzhnii-studenyi,село,Нижній Студений,Закарпатська область,2122484401,UA21120210060049943
7079,perechyn,місто,Перечин,Закарпатська область,2123210100,UA21100130010027304
7103,rakhiv,місто,Рахів,Закарпатська область,2123610100,UA21060050010040895
7104,velykyi-bychkiv,селище міського типу,Великий Бичків,Закарпатська область,2123655500,UA21060030010061322
7106,yasinia,селище міського типу,Ясіня,Закарпатська область,2123656200,UA21060070010074038
7163,tiachiv,місто,Тячів,Закарпатська область,2124410100,UA21080150010051267
7193,neresnytsia,село,Нересниця,Закарпатська область,2124484801,UA21080090010067775
7235,nyzhnie-solotvyno,село,Нижнє Солотвино,Закарпатська область,2124881802,UA21100010060092222
7334,berdiansk,місто,Бердянськ,Запорізька область,2310400000,UA23020050010019935
7338,melitopol,місто,Мелітополь,Запорізька область,2310700000,UA23080070010092407
7339,tokmak,місто,Токмак,Запорізька область,2311000000,UA23100270010029314
7340,enerhodar,місто,Енергодар,Запорізька область,2312500000,UA23040110010044100
7342,kyrylivka-1,селище міського типу,Кирилівка,Запорізька область,2320355400,UA23080030010040102
7420,dniprorudne,місто,Дніпрорудне,Запорізька область,2320910400,UA23040090010050034
7484,vilniansk,місто,Вільнянськ,Запорізька область,2321510100,UA23060030010056906
7576,huliaipole-1,місто,Гуляйполе,Запорізька область,2321810100,UA23100070010036682
7618,malokaterynivka,селище міського типу,Малокатеринівка,Запорізька область,2322155900,UA23060110030035274
7626,bilenke-1,село,Біленьке,Запорізька область,2322180801,UA23060010010065997
7632,petropil,село,Петропіль,Запорізька область,2322181306,UA23060330250012689
7644,novoslobidka,село,Новослобідка,Запорізька область,2322183506,UA23060050050015780
7680,kamianka-dniprovska,місто,Кам'янка-Дніпровська,Запорізька область,2322410100,UA23040130010014334
7683,velyka-znamianka,село,Велика Знам'янка,Запорізька область,2322481801,UA23040130020042658
7685,michurina,село,Мічуріна,Запорізька область,2322484602,UA23040070030069873
7847,orikhiv,місто,Оріхів,Запорізька область,2323910100,UA23100170010023304
7915,botiieve,село,Ботієве,Запорізька область,2324581401,UA23080230050039954
7934,prymorsk,місто,Приморськ,Запорізька область,2324810100,UA23020130010076068
8004,chernihivka-1,селище міського типу,Чернігівка,Запорізька область,2325555100,UA23020150010043513
8033,krykhivtsi,село,Крихівці,Івано-Франківська область,2610192001,UA26040190090099134
8048,kolomyia,місто,Коломия,Івано-Франківська область,2610600000,UA26080070010075786
8049,vorokhta,селище міського типу,Ворохта,Івано-Франківська область,2611040300,UA26120010010061176
8050,tatariv,село,Татарів,Івано-Франківська область,2611091201,UA26120010020042150
8054,bohorodchany,селище міського типу,Богородчани,Івано-Франківська область,2620455100,UA26040030010017453
8074,maniava,село,Манява,Івано-Франківська область,2620484801,UA26040290070087833
8089,stari-bohorodchany,село,Старі Богородчани,Івано-Франківська область,2620488601,UA26040310010020838
8095,verkhovyna-1,селище міського типу,Верховина,Івано-Франківська область,2620855100,UA26020030010013669
8136,bilshivtsi,селище міського типу,Більшівці,Івано-Франківська область,2621255300,UA26040010010073361
8159,zadnistrianske,село,Задністрянське,Івано-Франківська область,2621283201,UA26040070060051488
8346,pechenizhyn,селище міського типу,Печеніжин,Івано-Франківська область,2623255700,UA26080170010019353
8418,kosiv,місто,Косів,Івано-Франківська область,2623610100,UA26100010010026473
8458,nadvirna,місто,Надвірна,Івано-Франківська область,2624010100,UA26120070010010041
8504,rohatyn,місто,Рогатин,Івано-Франківська область,2624410100,UA26040270010067876
8588,rozhniativ,селище міського типу,Рожнятів,Івано-Франківська область,2624855100,UA26060230010077999
8622,svarychiv,село,Сваричів,Івано-Франківська область,2624885101,UA26060230080077687
8636,sniatyn,місто,Снятин,Івано-Франківська область,2625210100,UA26080230010020173
8676,ustia-1,село,Устя,Івано-Франківська область,2625286301,UA26080230260073704
8741,kluziv,село,Клузів,Івано-Франківська область,2625881601,UA26040370020037011
8756,pidluzhzhia-1,село,Підлужжя,Івано-Франківська область,2625884201,UA26040190110012092
8774,yamnytsia,село,Ямниця,Івано-Франківська область,2625888601,UA26040390010046852
8775,bila-tserkva-1,місто,Біла Церква,Київська область,3210300000,UA32020010010081183
8777,bucha,місто,Буча,Київська область,3210800000,UA32080070010087821
8778,vorzel,селище міського типу,Ворзель,Київська область,3210945600,UA32080070030073716
8779,hostomel,селище міського типу,Гостомель,Київська область,3210945900,UA32080110010033149
8781,prypiat,місто,Прип'ять,Київська область,3211100000,UA32000000010085013
8782,fastiv,місто,Фастів,Київська область,3211200000,UA32140150010091295
8784,slavutych,місто,Славутич,Київська область,3211500000,UA32100130010084793
8786,tatsenky,село,Таценки,Київська область,3211690002,UA32120110240097273
8787,baryshivka,селище міського типу,Баришівка,Київська область,3220255100,UA32060010010055198
8897,chaiky-1,село,Чайки,Київська область,3222485903,UA32080050030064312
8926,vyshenky-1,село,Вишеньки,Київська область,3220881301,UA32040090020077692
8927,petropavlivske-1,село,Петропавлівське,Київська область,3220881303,UA32040090030030343
8928,voronkiv,село,Вороньків,Київська область,3220881701,UA32040030010050795
8931,hnidyn,село,Гнідин,Київська область,3220882601,UA32040090010032835
8934,hora,село,Гора,Київська область,3220883201,UA32040050010053182
8960,borodianka,селище міського типу,Бородянка,Київська область,3221055100,UA32080030010080493
8963,klavdiievo-tarasove,селище міського типу,Клавдієво-Тарасове,Київська область,3221055500,UA32080210020027942
8965,piskivka,селище міського типу,Пісківка,Київська область,3221055600,UA32080230010086797
9003,pylypovychi-1,село,Пилиповичі,Київська область,3221087501,UA32080030260017137
9034,pohreby,село,Погреби,Київська область,3221286401,UA32060090040088774
9035,pukhivka,село,Пухівка,Київська область,3221286801,UA32060090050082692
9036,rozhivka,село,Рожівка,Київська область,3221287001,UA32060130050095064
9039,rusaniv,село,Русанів,Київська область,3221288001,UA32060070200013870
9044,trebukhiv,село,Требухів,Київська область,3221289001,UA32060050040096530
9047,hlevakha,селище,Глеваха,Київська область,3221455300,UA32140070010070369
9055,khlepcha,село,Хлепча,Київська область,3221480903,UA32140090150085730
9059,bobrytsia-1,село,Бобриця,Київська область,3222480601,UA32080010020084243
9104,roslavychi,село,Рославичі,Київська область,3221487301,UA32120170070053580
9144,dymer,селище міського типу,Димер,Київська область,3221855300,UA32100030010047254
9157,voropaiv,село,Воропаїв,Київська область,3221881402,UA32100090040099260
9176,novi-petrivtsi,село,Нові Петрівці,Київська область,3221886001,UA32100070010044762
9187,stari-petrivtsi,село,Старі Петрівці,Київська область,3221887801,UA32100070040094964
9192,khotianivka,село,Хотянівка,Київська область,3221888801,UA32100010030092497
9228,chornobyl,місто,Чорнобиль,Київська область,3222010500,UA32000000020050699
9237,hornostaipil,село,Горностайпіль,Київська область,3222080701,UA32100050090067831
9240,dytiatky,село,Дитятки,Київська область,3222080801,UA32100050120075613
9252,strakholissia,село,Страхолісся,Київська область,3222081401,UA32100050690068071
9341,bilohorodka,село,Білогородка,Київська область,3222480401,UA32080010010043861
9342,buzova,село,Бузова,Київська область,3222480801,UA32080130020016870
9345,vita-poshtova,село,Віта-Поштова,Київська область,3222481201,UA32140050020038278
9347,hatne,село,Гатне,Київська область,3222481601,UA32140050010021659
9348,horenychi,село,Гореничі,Київська область,3222482001,UA32080010040086332
9356,kriukivshchyna,село,Крюківщина,Київська область,3222484001,UA32080090020082865
9360,lisnyky,село,Лісники,Київська область,3222484501,UA32120170060053763
9363,mykhailivka-rubezhivka,село,Михайлівка-Рубежівка,Київська область,3222485201,UA32080150050013069
9367,sviatopetrivske,село,Святопетрівське,Київська область,3222485801,UA32080010080037846
9368,petropavlivska-borshchahivka,село,Петропавлівська Борщагівка,Київська область,3222485901,UA32080050010035667
9369,petrushky,село,Петрушки,Київська область,3222486001,UA32080130120014131
9371,khodosivka,село,Ходосівка,Київська область,3222487001,UA32120170010087604
9372,khotiv,село,Хотів,Київська область,3222487201,UA32120170080064470
9379,makariv,селище міського типу,Макарів,Київська область,3222755100,UA32080190010023112
9382,kodra,селище міського типу,Кодра,Київська область,3222755400,UA32080190020043229
9396,zabuiannia,село,Забуяння,Київська область,3222782301,UA32080190110036466
9400,kolonshchyna,село,Колонщина,Київська область,3222782601,UA32080190150084736
9409,lyshnia,село,Лишня,Київська область,3222784201,UA32140010070052091
9414,motyzhyn,село,Мотижин,Київська область,3222784801,UA32080190300012525
9417,nebelytsia,село,Небелиця,Київська область,3222785501,UA32080190320045316
9420,pashkivka,село,Пашківка,Київська область,3222786501,UA32080190350019725
9448,kozyn-1,село,Козин,Київська область,3223155400,UA32120070010077944
9477,mali-dmytrovychi,село,Малі Дмитровичі,Київська область,3223180502,UA32120070070056686
9494,pidhirtsi,село,Підгірці,Київська область,3223186801,UA32120070100026593
9495,krenychi,село,Креничі,Київська область,3223186802,UA32120070060020203
9566,maksymovychi,село,Максимовичі,Київська область,3223585601,UA32100110160028630
9688,tetiiv,місто,Тетіїв,Київська область,3224610100,UA32020210010016577
9753,yahotyn,місто,Яготин,Київська область,3225510100,UA32040210010094429
9785,kropyvnytskyi,місто,Кропивницький,Кіровоградська область,3510100000,UA35040210010019355
9797,svitlovodsk,місто,Світловодськ,Кіровоградська область,3510900000,UA35080170010073614
9920,bobrynets,місто,Бобринець,Кіровоградська область,3520810100,UA35040030010012943
9995,haivoron-1,місто,Гайворон,Кіровоградська область,3521110100,UA35020050010071459
10021,holovanivsk,селище міського типу,Голованівськ,Кіровоградська область,3521455100,UA35020070010065136
10063,pomichna,місто,Помічна,Кіровоградська область,3521710300,UA35060190010082095
10064,dobrovelychkivka,селище міського типу,Добровеличківка,Кіровоградська область,3521755100,UA35060050010069539
10111,dolynska,місто,Долинська,Кіровоградська область,3521910100,UA35040110010034377
10190,velyka-severynka,село,Велика Северинка,Кіровоградська область,3522581201,UA35040050010097904
10277,smoline,селище міського типу,Смоліне,Кіровоградська область,3523155700,UA35060230010026884
10310,novhorodka,селище міського типу,Новгородка,Кіровоградська область,3523455100,UA35040230010012861
10333,novoarkhanhelsk,селище міського типу,Новоархангельськ,Кіровоградська область,3523655100,UA35020130010010491
10373,novomyrhorod,місто,Новомиргород,Кіровоградська область,3523810100,UA35060130010042714
10471,onufriivka,селище міського типу,Онуфріївка,Кіровоградська область,3524655100,UA35080070010099782
10555,ustynivka-1,селище міського типу,Устинівка,Кіровоградська область,3525855100,UA35040330010019383
10582,luhansk,місто,Луганськ,Луганська область,4410100000,UA44060010010012753
10663,novodarivka-1,селище міського типу,Новодар'ївка,Луганська область,4412346900,UA44040010110092013
10691,sievierodonetsk,місто,Сєвєродонецьк,Луганська область,4412900000,UA44120110010072887
10692,borivske-1,селище міського типу,Борівське,Луганська область,4412945200,UA44120110020082964
10699,voievodivka-1,село,Воєводівка,Луганська область,4412990002,UA44120110080079888
10744,bilovodsk,селище міського типу,Біловодськ,Луганська область,4420655100,UA44140010010089375
10775,bilokurakyne,селище міського типу,Білокуракине,Луганська область,4420955100,UA44100010010025116
11047,novopskov,селище міського типу,Новопсков,Луганська область,4423355100,UA44140090010043803
11147,svatove-1,місто,Сватове,Луганська область,4424010100,UA44100110010094316
11388,vynnyky,місто,Винники,Львівська область,4610160300,UA46060250020038547
11390,briukhovychi,селище міського типу,Брюховичі,Львівська область,4610166300,UA46060250040091928
11391,boryslav,місто,Борислав,Львівська область,4610300000,UA46020010010087534
11393,drohobych,місто,Дрогобич,Львівська область,4610600000,UA46020030010069501
11394,stebnyk-1,місто,Стебник,Львівська область,4610670500,UA46020030020056516
11395,morshyn,місто,Моршин,Львівська область,4610700000,UA46100130010043013
11396,novyi-rozdil,місто,Новий Розділ,Львівська область,4610800000,UA46100150010069811
11397,sambir,місто,Самбір,Львівська область,4610900000,UA46080130010066889
11398,stryi,місто,Стрий,Львівська область,4611200000,UA46100230010074173
11399,truskavets,місто,Трускавець,Львівська область,4611500000,UA46020090010062870
11400,chervonohrad,місто,Шептицький,Львівська область,4611800000,UA46120130010071117
11506,busk,місто,Буськ,Львівська область,4620610100,UA46040030010088253
11661,medenychi,селище міського типу,Меденичі,Львівська область,4621255400,UA46020050010078717
11690,dolishnii-luzhok,село,Долішній Лужок,Львівська область,4621284001,UA46020030130093228
11706,pochaievychi,село,Почаєвичі,Львівська область,4621286062,UA46020030260013109
11732,zhydachiv,місто,Жидачів,Львівська область,4621510100,UA46100050010010600
11841,zolochiv,місто,Золочів,Львівська область,4621810100,UA46040070010068975
11946,kamianka-buzka,місто,Кам'янка-Бузька,Львівська область,4622110100,UA46060190010052224
11949,dobrotvir,селище міського типу,Добротвір,Львівська область,4622155300,UA46120050010093637
11953,batiatychi,село,Батятичі,Львівська область,4622180801,UA46060190020077308
11991,hriada,село,Гряда,Львівська область,4622184602,UA46120050020051383
12022,mostyska,місто,Мостиська,Львівська область,4622410100,UA46140030010062678
12023,sudova-vyshnia,місто,Судова Вишня,Львівська область,4622410500,UA46140070010067363
12122,zhovkva,місто,Жовква,Львівська область,4622710100,UA46060130010043364
12123,dubliany,місто,Дубляни,Львівська область,4622710200,UA46060250030012851
12258,shabelnia-1,село,Шабельня,Львівська область,4622787903,UA46060390460058008
12267,mykolaiv,місто,Миколаїв,Львівська область,4623983001,UA46120070140077349
12318,peremyshliany,місто,Перемишляни,Львівська область,4623310100,UA46060330010045641
12404,pustomyty-1,місто,Пустомити,Львівська область,4623610100,UA46060370010036941
12417,zymna-voda,село,Зимна Вода,Львівська область,4623681601,UA46060170010088194
12425,davydiv,село,Давидів,Львівська область,4623682401,UA46060090010018310
12490,radekhiv-1,місто,Радехів,Львівська область,4623910100,UA46120090010078401
12642,skole,місто,Сколе,Львівська область,4624510100,UA46100190010093837
12645,slavske,селище міського типу,Славсько,Львівська область,4624555700,UA46100210010024884
12692,sokal,місто,Сокаль,Львівська область,4624810100,UA46120110010087965
12694,velyki-mosty,місто,Великі Мости,Львівська область,4624810600,UA46120030010063566
12780,staryi-sambir,місто,Старий Самбір,Львівська область,4625110100,UA46080150010090008
12935,turka-1,місто,Турка,Львівська область,4625510100,UA46080190010014284
12936,borynia,селище міського типу,Бориня,Львівська область,4625555300,UA46080030010097733
12945,yavoriv-1,село,Яворів,Львівська область,4625810100,UA46140110010091191
13005,hlynytsi,село,Глиниці,Львівська область,4625855602,UA46140110190080840
13114,mykolaiv-1,місто,Миколаїв,Миколаївська область,4810100000,UA48060150010035747
13115,voznesensk,місто,Вознесенськ,Миколаївська область,4810200000,UA48040070010053688
13116,ochakiv,місто,Очаків,Миколаївська область,4810300000,UA48060250010045389
13118,yuzhnoukrainsk,місто,Южноукраїнськ,Миколаївська область,4810800000,UA48040250010045068
13119,arbuzynka,селище міського типу,Арбузинка,Миколаївська область,4820355100,UA48080010010059552
13123,buzke,село,Бузьке,Миколаївська область,4820355701,UA48040250030037890
13124,ahronomiia,село,Агрономія,Миколаївська область,4820380101,UA48080010020012010
13147,bashtanka,місто,Баштанка,Миколаївська область,4820610100,UA48020010010072548
13225,kobleve,село,Коблеве,Миколаївська область,4820982201,UA48060090010065073
13424,domanivka-1,селище міського типу,Доманівка,Миколаївська область,4822755100,UA48040090010033302
13429,akmechetski-stavky,село,Акмечетські Ставки,Миколаївська область,4822780301,UA48040230020027440
13459,kuznetsove,село,Кузнецове,Миколаївська область,4822784604,UA48040090180057600
13518,kazanka,селище міського типу,Казанка,Миколаївська область,4823681102,UA48020130510016717
13625,bereznehuvatske,село,Березнегуватське,Миколаївська область,4824580701,UA48020210040079747
13710,myhiia,село,Мигія,Миколаївська область,4825485101,UA48080110010075639
13769,balta,місто,Балта,Одеська область,5110200000,UA51120030010033524
13770,bilhorod-dnistrovskyi,місто,Білгород-Дністровський,Одеська область,5110300000,UA51040010010048834
13771,zatoka-1,селище міського типу,Затока,Одеська область,5110345300,UA51040050020033880
13774,izmail,місто,Ізмаїл,Одеська область,5110600000,UA51080030010072039
13778,podilsk,місто,Подільськ,Одеська область,5111200000,UA51120190010049331
13779,teplodar,місто,Теплодар,Одеська область,5111500000,UA51100310010094687
13884,brytivka,село,Бритівка,Одеська область,5120881201,UA51040310070039705
13919,salhany,село,Салгани,Одеська область,5120886601,UA51040310110039774
13931,khlibodarske,селище міського типу,Хлібодарське,Одеська область,5121056800,UA51100010020083031
13944,velykyi-dalnyk,село,Великий Дальник,Одеська область,5121081401,UA51100050010086336
14029,bolhrad,місто,Болград,Одеська область,5121410100,UA51060030010048411
14035,karakurt,село,Каракурт,Одеська область,5121483601,UA51060070050065222
14176,safiany,село,Саф'яни,Одеська область,5122085901,UA51080090010094143
14180,kiliia,місто,Кілія,Одеська область,5122310100,UA51080050010036449
14181,vylkove,місто,Вилкове,Одеська область,5122310300,UA51080010010086017
14218,novi-biliari,селище міського типу,Нові Білярі,Одеська область,5122755400,UA51100410020014405
14222,chornomorske-1,селище міського типу,Чорноморське,Одеська область,5122755900,UA51100390010035428
14237,ilichanka,село,Ілічанка,Одеська область,5122782602,UA51100190050067704
14245,kryzhanivka-1,село,Крижанівка,Одеська область,5125484403,UA51020190060018014
14258,serbka,село,Сербка,Одеська область,5122785501,UA51020130080061422
14356,liubashivka,селище міського типу,Любашівка,Одеська область,5123355100,UA51120130010021276
14428,tairove,селище міського типу,Таїрове,Одеська область,5123755800,UA51100290010095530
14430,lymanka,село,Лиманка,Одеська область,5123755802,UA51100290030015330
14449,rozdilna,місто,Роздільна,Одеська область,5123910100,UA51140130010040641
14532,sarata,селище міського типу,Сарата,Одеська область,5124555100,UA51040190010067512
14562,tarutyne,селище міського типу,Тарутине,Одеська область,5124755100,UA51060170010058387
14706,horishni-plavni,місто,Горішні Плавні,Полтавська область,5310200000,UA53020030010087471
14713,hadiach,місто,Гадяч,Полтавська область,5310300000,UA53060090010040802
14714,kremenchuk,місто,Кременчук,Полтавська область,5310400000,UA53020110010031694
14715,myrhorod,місто,Миргород,Полтавська область,5310900000,UA53060230010027681
14717,bairak,село,Байрак,Полтавська область,5320255101,UA53060030030036346
14726,hoholeve,селище міського типу,Гоголеве,Полтавська область,5320255400,UA53060110010031598
14804,velyki-budyshcha,село,Великі Будища,Полтавська область,5320481401,UA53060050010086967
14848,baliasne,село,Балясне,Полтавська область,5320485202,UA53060250020064293
14866,mali-budyshcha,село,Малі Будища,Полтавська область,5320486904,UA53060090100015882
14881,hlobyne,місто,Глобине,Полтавська область,5320610100,UA53020010010016768
15007,dykanka,селище міського типу,Диканька,Полтавська область,5321055100,UA53080050010011580
15022,velyka-rudka,село,Велика Рудка,Полтавська область,5321082001,UA53080050080017948
15027,vodiana-balka,село,Водяна Балка,Полтавська область,5321082601,UA53080050110034790
15038,ordanivka,село,Орданівка,Полтавська область,5321084201,UA53080050400010189
15048,stasi,село,Стасі,Полтавська область,5321084901,UA53080050490042895
15057,zinkiv,місто,Зіньків,Полтавська область,5321310100,UA53080090010093569
15062,opishnia,селище міського типу,Опішня,Полтавська область,5321355400,UA53080350010044287
15071,batky,село,Батьки,Полтавська область,5321380701,UA53080350030087174
15141,chovno-fedorivka,село,Човно-Федорівка,Полтавська область,5321387201,UA53080350300032139
15185,kobeliaky,місто,Кобеляки,Полтавська область,5321810100,UA53080130010037756
15454,khrystanivka,село,Христанівка,Полтавська область,5322681503,UA53060190420095874
15674,novi-sanzhary,селище міського типу,Нові Санжари,Полтавська область,5323455100,UA53080310010064664
15898,suprunivka-1,село,Супрунівка,Полтавська область,5324085201,UA53080370470068163
15932,reshetylivka,місто,Решетилівка,Полтавська область,5324210100,UA53080390010041197
16041,khorol,місто,Хорол,Полтавська область,5324810100,UA53040110010080324
16110,chornukhy,селище міського типу,Чорнухи,Полтавська область,5325155100,UA53040130010015298
16240,dubno,місто,Дубно,Рівненська область,5625082602,UA56080010050062520
16241,varash,місто,Вараш,Рівненська область,5610700000,UA56020030010034121
16242,ostroh,місто,Острог,Рівненська область,5610900000,UA56060450010014169
16243,berezne,місто,Березне,Рівненська область,5620410100,UA56060030010049126
16298,volodymyrets,селище міського типу,Володимирець,Рівненська область,5620855100,UA56020050010068590
16307,bilska-volia,село,Більська Воля,Рівненська область,5620881201,UA56020030040055840
16313,velykyi-zholudsk,село,Великий Жолудськ,Рівненська область,5620881501,UA56020150020042644
16338,liubakhy,село,Любахи,Рівненська область,5620886601,UA56020050140043968
16348,polytsi-1,село,Полиці,Рівненська область,5620888001,UA56020130010095336
16356,sopachiv,село,Сопачів,Рівненська область,5620889101,UA56020030150028853
16360,babka,село,Бабка,Рівненська область,5620889302,UA56020030020093360
16455,smyha,селище міського типу,Смига,Рівненська область,5621655900,UA56040330010050502
16471,zdovbytsia,село,Здовбиця,Рівненська область,5622682001,UA56060230010092383
16472,zlynets,село,Злинець,Рівненська область,5621681604,UA56040310090033933
16660,zdolbuniv,місто,Здолбунів,Рівненська область,5622610100,UA56060250010051586
16755,kostopil,місто,Костопіль,Рівненська область,5623410100,UA56060350010063070
16758,holovyn,село,Головин,Рівненська область,5623480801,UA56060130010092630
16949,klevan,селище міського типу,Клевань,Рівненська область,5624655400,UA56060290010049434
16953,nova-liubomyrka,село,Нова Любомирка,Рівненська область,5624680405,UA56060430070039762
16954,pukhova,село,Пухова,Рівненська область,5624680407,UA56060430090040341
17034,tomashhorod,селище міського типу,Томашгород,Рівненська область,5625087401,UA56080150250059478
17062,sarny-1,місто,Сарни,Рівненська область,5625410100,UA56080170010061049
17187,okhtyrka,місто,Охтирка,Сумська область,5910200000,UA59040110010017443
17192,hlukhiv-1,місто,Глухів,Сумська область,5910300000,UA59100030010033445
17194,konotop,місто,Конотоп,Сумська область,5910400000,UA59020070010054283
17198,lebedyn-1,місто,Лебедин,Сумська область,5910500000,UA59080110010031484
17202,romny,місто,Ромни,Сумська область,5910700000,UA59060110010062596
17205,shostka,місто,Шостка,Сумська область,5911000000,UA59100170010017917
17524,bereza-1,село,Береза,Сумська область,5921581101,UA59100010010091247
18031,putyvl,місто,Путивль,Сумська область,5923810100,UA59020150010023159
18298,velyka-chernechchyna,село,Велика Чернеччина,Сумська область,5924782201,UA59080270040081421
18487,chortkiv,місто,Чортків,Тернопільська область,6110300000,UA61060430010047348
18491,kremenets-1,місто,Кременець,Тернопільська область,6110700000,UA61020070010067494
18618,buchach,місто,Бучач,Тернопільська область,6121210100,UA61060070010075450
18657,zalishchyky,село,Заліщики,Тернопільська область,6122010100,UA61060170010057218
18677,khorostkiv,місто,Хоростків,Тернопільська область,6121611000,UA61060410010063308
18796,velyki-viknyny,село,Великі Вікнини,Тернопільська область,6122481201,UA61020050060035088
18948,kozova-1,селище міського типу,Козова,Тернопільська область,6123055100,UA61040230010032058
19098,monastyryska,місто,Монастириська,Тернопільська область,6124210100,UA61060310010085741
19222,terebovlia,місто,Теребовля,Тернопільська область,6125010100,UA61040470010037126
19297,baikivtsi-1,село,Байківці,Тернопільська область,6125280601,UA61040010010041632
19396,shumsk,місто,Шумськ,Тернопільська область,6125810100,UA61020150010042611
19450,izium,місто,Ізюм,Харківська область,6310400000,UA63040090010029555
19451,kupiansk,місто,Куп'янськ,Харківська область,6310700000,UA63080090010026457
19453,kupiansk-vuzlovyi,селище міського типу,Куп'янськ-Вузловий,Харківська область,6310745700,UA63080090030044417
19461,liubotyn-1,місто,Люботин,Харківська область,6311200000,UA63120110010087291
19466,pervomaiskyi-1,місто,Первомайський,Харківська область,6311500000,UA63100090010068250
19467,chuhuiv,місто,Чугуїв,Харківська область,6312000000,UA63140170010036104
19470,balakliia-1,місто,Балаклія,Харківська область,6320210100,UA63040010010039074
19481,slobozhanske-1,селище,Слобожанське,Харківська область,6325181001,UA63120090130016968
19666,bohodukhiv,місто,Богодухів,Харківська область,6320810100,UA63020010010049442
19749,pisky-radkivski,село,Піски-Радьківські,Харківська область,6321083001,UA63040050320022251
19760,koviahy,селище міського типу,Ков'яги,Харківська область,6321255400,UA63020030020095472
19854,velykyi-burluk,селище міського типу,Великий Бурлук,Харківська область,6321455100,UA63080010010090750
19913,vovchansk,місто,Вовчанськ,Харківська область,6321610100,UA63140010010035757
19988,zmiiv,місто,Зміїв,Харківська область,6321710100,UA63140030010017037
20096,derhachi,місто,Дергачі,Харківська область,6322010100,UA63120070010085847
20109,mala-danylivka,селище міського типу,Мала Данилівка,Харківська область,6322055900,UA63120130010037422
20120,solonytsivka,селище міського типу,Солоницівка,Харківська область,6322057600,UA63120250010071938
20122,podvirky,село,Подвірки,Харківська область,6322057602,UA63120250090051063
20148,zachepylivka-1,селище міського типу,Зачепилівка,Харківська область,6322255100,UA63060010010045022
20176,zolochiv-1,селище міського типу,Золочів,Харківська область,6322655100,UA63020050010064235
20302,kolomak-1,селище міського типу,Коломак,Харківська область,6323255100,UA63020070010093510
20329,krasnohrad,місто,Красноград,Харківська область,6323310100,UA63060050010042407
20360,krasnokutsk,селище міського типу,Краснокутськ,Харківська область,6323555100,UA63020090010052615
20508,nova-vodolaha,селище міського типу,Нова Водолага,Харківська область,6324255100,UA63120170010054489
20642,merefa,місто,Мерефа,Харківська область,6325110700,UA63120150010020962
20671,nadtochii,село,Надточії,Харківська область,6325157901,UA63120210040075215
20674,pokotylivka,селище міського типу,Покотилівка,Харківська область,6325158200,UA63120030030077849
20775,kherson,місто,Херсон,Херсонська область,6510100000,UA65100150010064384
20782,naddniprianske,селище міського типу,Наддніпрянське,Херсонська область,6510165800,UA65100150050059673
20791,kakhovka-1,місто,Каховка,Херсонська область,6510400000,UA65060110010021041
20792,nova-kakhovka,місто,Нова Каховка,Херсонська область,6510700000,UA65060170010075325
20902,velyka-oleksandrivka-1,селище міського типу,Велика Олександрівка,Херсонська область,6520955100,UA65020050010075556
21014,henichesk,місто,Генічеськ,Херсонська область,6522110100,UA65040010010040633
21053,strilkove,село,Стрілкове,Херсонська область,6522185201,UA65040010530081172
21070,bekhtery,село,Бехтери,Херсонська область,6522380501,UA65080010010013977
21113,hornostaivka-1,селище міського типу,Горностаївка,Херсонська область,6522655100,UA65060070010078402
21160,khorly,село,Хорли,Херсонська область,6523286601,UA65080070140055831
21192,zelenyi-pid,селище,Зелений Під,Херсонська область,6523585501,UA65060090010025674
21199,nyzhni-sirohozy,селище міського типу,Нижні Сірогози,Херсонська область,6523855100,UA65040050010011350
21217,novovorontsovka,селище міського типу,Нововоронцовка,Херсонська область,6524155100,UA65020150010061497
21307,askaniia-nova,селище міського типу,Асканія-Нова,Херсонська область,6525455300,UA65060010010039556
21335,khmelnytskyi-1,місто,Хмельницький,Хмельницька область,6810100000,UA68040470010096613
21336,kamianets-podilskyi,місто,Кам'янець-Подільський,Хмельницька область,6810400000,UA68020110010097898
21337,netishyn,місто,Нетішин,Хмельницька область,6810500000,UA68060170010043609
21338,slavuta,місто,Славута,Хмельницька область,6810600000,UA68060270010040268
21339,starokostiantyniv,місто,Старокостянтинів,Хмельницька область,6810800000,UA68040390010084208
21449,volochysk,місто,Волочиськ,Хмельницька область,6820910100,UA68040090010095929
21606,derazhnia-1,місто,Деражня,Хмельницька область,6821510100,UA68040150010024820
21662,dunaivtsi,місто,Дунаївці,Хмельницька область,6821810100,UA68020050010075833
21743,iziaslav,місто,Ізяслав,Хмельницька область,6822110100,UA68060090010061527
21750,bilotyn,село,Білотин,Хмельницька область,6822181001,UA68060090050013054
21759,dertka-1,село,Дертка,Хмельницька область,6822182201,UA68060190060060114
21793,pluzhne,село,Плужне,Хмельницька область,6822185101,UA68060190010049660
21865,zinkivtsi,село,Зіньківці,Хмельницька область,6822483201,UA68020110040094501
21939,krasyliv,місто,Красилів,Хмельницька область,6822710100,UA68040210010032567
22073,nova-ushytsia-1,селище міського типу,Нова Ушиця,Хмельницька область,6823355100,UA68020190010042454
22123,polonne,місто,Полонне,Хмельницька область,6823610100,UA68060210010068447
22208,polian,село,Полянь,Хмельницька область,6823986801,UA68060110080026789
22215,staryi-kryvyn,село,Старий Кривин,Хмельницька область,6823987301,UA68060170030085484
22342,teofipol,селище міського типу,Теофіполь,Хмельницька область,6824755100,UA68040450010085283
22453,chemerivtsi,селище міського типу,Чемерівці,Хмельницька область,6825255100,UA68020290010030473
22609,vatutine-1,місто,Ватутіне,Черкаська область,7110200000,UA71020030010075692
22611,kaniv,місто,Канів,Черкаська область,7110300000,UA71080150010077910
22612,zolotonosha,місто,Золотоноша,Черкаська область,7110400000,UA71040090010057400
22616,smila-1,місто,Сміла,Черкаська область,7110500000,UA71080390010069946
22618,uman,місто,Умань,Черкаська область,7110800000,UA71060210010010251
22650,khlystunivka,село,Хлистунівка,Черкаська область,7120388001,UA71080110100079104
22651,drabiv,селище міського типу,Драбів,Черкаська область,7120655100,UA71040070010090868
22661,demky,село,Демки,Черкаська область,7120683501,UA71040210050050387
22683,nekhaiky,село,Нехайки,Черкаська область,7120687401,UA71040070110013655
22687,perervyntsi,село,Перервинці,Черкаська область,7120687901,UA71040070140049065
22697,shramkivka,село,Шрамківка,Черкаська область,7120689501,UA71040210010097965
22701,zhashkiv,місто,Жашків,Черкаська область,7120910100,UA71060090010092249
22703,bashtechky,село,Баштечки,Черкаська область,7120980801,UA71060030010096797
22756,ozirna,село,Озірна,Черкаська область,7121284801,UA71020090050010353
22790,helmiaziv,село,Гельмязів,Черкаська область,7121582301,UA71040050010078637
22836,zhabotyn,село,Жаботин,Черкаська область,7121882001,UA71080250020013690
22852,raihorod-1,село,Райгород,Черкаська область,7121885001,UA71080250060078759
22879,lipliave,село,Ліпляве,Черкаська область,7122083901,UA71080210010050837
22917,katerynopil-1,селище міського типу,Катеринопіль,Черкаська область,7122255100,UA71020150010017266
22918,yerky-1,селище міського типу,Єрки,Черкаська область,7122255400,UA71020110010072711
22929,lysycha-balka,село,Лисича Балка,Черкаська область,7122283501,UA71020150100036847
22934,palchyk,село,Пальчик,Черкаська область,7122285001,UA71020150130060714
22948,korsun-shevchenkivskyi,місто,Корсунь-Шевченківський,Черкаська область,7122510100,UA71080170010098381
22951,stebliv,селище міського типу,Стеблів,Черкаська область,7122555500,UA71020270010062561
23043,ivanky-1,село,Іваньки,Черкаська область,7123182501,UA71060110010062999
23059,rohy,село,Роги,Черкаська область,7123187501,UA71060150140085590
23063,monastyryshche,місто,Монастирище,Черкаська область,7123410100,UA71060170010084282
23100,balakleia,село,Балаклея,Черкаська область,7123780501,UA71080010010092649
23106,malyi-buzukiv,село,Малий Бузуків,Черкаська область,7123782003,UA71080430060028645
23115,kholodnianske,селище,Холоднянське,Черкаська область,7123784504,UA71080450080076896
23124,rotmistrivka,село,Ротмістрівка,Черкаська область,7123787201,UA71080330010037662
23133,talne,місто,Тальне,Черкаська область,7124010100,UA71020290010051536
23147,kolodyste,село,Колодисте,Черкаська область,7124084001,UA71020290150018493
23171,babanka,селище міського типу,Бабанка,Черкаська область,7124355300,UA71060010010077839
23173,berestivets,село,Берестівець,Черкаська область,7124380901,UA71060190030065041
23193,ladyzhynka,село,Ладижинка,Черкаська область,7124385101,UA71060130010040774
23198,palanka-1,село,Паланка,Черкаська область,7124386101,UA71060190010063229
23217,sharyn,село,Шарин,Черкаська область,7124389301,UA71060130080082068
23219,khrystynivka-1,місто,Христинівка,Черкаська область,7124610100,UA71060230010046648
23223,velyka-sevastianivka,село,Велика Севастянівка,Черкаська область,7124681001,UA71060230050030378
23228,kuzmyna-hreblia,село,Кузьмина Гребля,Черкаська область,7124683001,UA71060230150080917
23230,lishchynivka-1,село,Ліщинівка,Черкаська область,7124683501,UA71060230160021653
23258,heronymivka,село,Геронимівка,Черкаська область,7124982501,UA71080350020056781
23264,lesky,село,Леськи,Черкаська область,7124984501,UA71080190010052205
23265,moshny,село,Мошни,Черкаська область,7124985001,UA71080290010022085
23266,ruska-poliana,село,Руська Поляна,Черкаська область,7124985201,UA71080350010034182
23268,svydivok,село,Свидівок,Черкаська область,7124986001,UA71080090050099332
23278,khatsky,село,Хацьки,Черкаська область,7124988001,UA71080430070057427
23284,chornobai-1,селище міського типу,Чорнобай,Черкаська область,7125155100,UA71040190010053311
23295,irkliiv,село,Іркліїв,Черкаська область,7125182801,UA71040130010023974
23325,chyhyryn-1,місто,Чигирин,Черкаська область,7125410100,UA71080510010036826
23356,shpola,місто,Шпола,Черкаська область,7125710100,UA71020330010098440
23388,novodnistrovsk,місто,Новодністровськ,Чернівецька область,7310600000,UA73040130010085979
23389,vyzhnytsia,місто,Вижниця,Чернівецька область,7320510100,UA73020090010033414
23422,hertsa,місто,Герца,Чернівецька область,7320710100,UA73060130010067568
23481,zastavna,місто,Заставна,Чернівецька область,7321510100,UA73060190010067621
23520,kelmentsi,селище міського типу,Кельменці,Чернівецька область,7322055100,UA73040030010052462
23549,kitsman,місто,Кіцмань,Чернівецька область,7322510100,UA73060290010095467
23634,putyla,селище міського типу,Путила,Чернівецька область,7323555100,UA73020130010052686
23650,koniatyn,село,Конятин,Чернівецька область,7323582001,UA73020110010042344
23665,seliatyn,село,Селятин,Чернівецька область,7323584501,UA73020150010066428
23684,sokyriany-1,місто,Сокиряни,Чернівецька область,7324010100,UA73040170010044151
23711,storozhynets,місто,Сторожинець,Чернівецька область,7324510100,UA73060490010033552
23749,khotyn-1,місто,Хотин,Чернівецька область,7325010100,UA73040190010054219
23786,nizhyn,місто,Ніжин,Чернігівська область,7410400000,UA74040250010023991
23787,novhorod-siverskyi,місто,Новгород-Сіверський,Чернігівська область,7410500000,UA74060030010060039
23868,bobrovytsia,місто,Бобровиця,Чернігівська область,7420610100,UA74040050010084586
24176,zhukivshchyna,село,Жуківщина,Чернігівська область,7422081203,UA74100310100045744
24200,krekhaiv,село,Крехаїв,Чернігівська область,7422084501,UA74100310140065884
24294,pokoshychi,село,Покошичі,Чернігівська область,7422286001,UA74060050120088264
24312,koriukivka,місто,Корюківка,Чернігівська область,7422410100,UA74020010010096225
24861,sosnytsia,селище міського типу,Сосниця,Чернігівська область,7424955100,UA74020070010027190
24987,kyinka,село,Киїнка,Чернігівська область,7425583401,UA74100130010068937
25056,snovsk,місто,Сновськ,Чернігівська область,7425810100,UA74020050010092446
25110,inkerman,місто,Інкерман,місто Севастополь,8536310300,NULL
25205,mykolaivka-3,село,Миколаївка,Дніпропетровська область,1223284001,UA12100010150080516
25244,vyshneve-3,селище,Вишневе,Дніпропетровська область,1223210505,UA12100090190044648
25304,andriivka-2,селище міського типу,Андріївка,Донецька область,1414445300,UA14060110020061102
25527,horodok-2,селище міського типу,Городок,Житомирська область,1825055500,UA18040170010097015
25538,berehove-4,місто,Берегове,Закарпатська область,2110200000,UA21020030010083215
25549,mizhhiria-2,селище міського типу,Міжгір'я,Закарпатська область,2122455100,UA21120190010094897
25568,yakymivka-3,селище міського типу,Якимівка,Запорізька область,2321587306,UA23060250170052150
25572,volodymyrivka-6,село,Володимирівка,Запорізька область,2321580502,UA23060170070065640
25576,andriivka-5,село,Андріївка,Запорізька область,2321584002,UA23060150020040434
25592,ivanivka-6,село,Іванівка,Запорізька область,2324984809,UA23100230120041924
25605,vasylivka-5,місто,Василівка,Запорізька область,2321582003,UA23060230040062824
25641,mykhailivka-6,село,Михайлівка,Запорізька область,2321584001,UA23060150010061768
25663,novomykolaivka-3,село,Новомиколаївка,Запорізька область,2323655100,UA23060190010048202
25676,marivka-3,село,Мар'ївка,Запорізька область,2322185701,UA23060010050014795
25683,vodiane-2,село,Водяне,Запорізька область,2322189002,UA23060330040029467
25715,pryshyb-2,селище міського типу,Пришиб,Запорізька область,2323355400,UA23040170020078963
25741,polohy-3,місто,Пологи,Запорізька область,2324285001,UA23100190160083823
25793,dolyna-4,місто,Долина,Івано-Франківська область,2622010100,UA26060130010099427
25833,peremoha-5,село,Перемога,Київська область,3221255605,UA32060130040060216
25860,andriivka-6,село,Андріївка,Київська область,3220886702,UA32040010020079915
25880,shevchenkove-6,село,Шевченкове,Київська область,3222080909,UA32100050780017936
25881,danylivka-5,село,Данилівка,Київська область,3221482001,UA32140090060010478
25886,marianivka-7,село,Мар'янівка,Київська область,3221485401,UA32020070040050057
25901,mykolaivka-6,село,Миколаївка,Київська область,3221884403,UA32100030200038971
25924,yurivka-5,село,Юрівка,Київська область,3222481202,UA32140050030039639
25928,kruhlyk-2,село,Круглик,Київська область,3222487203,UA32120170050025355
25932,komarivka-3,село,Комарівка,Київська область,3222782901,UA32080190160037714
25933,severynivka-3,село,Северинівка,Київська область,3222783204,UA32080190400061105
25934,korolivka-4,село,Королівка,Київська область,3222783501,UA32080190190074411
25936,osykove-2,село,Осикове,Київська область,3222784202,UA32140010110037775
25939,myronivka-5,місто,Миронівка,Київська область,3222910100,UA32120090010020161
25948,ukrainka-6,місто,Українка,Київська область,3223110500,UA32120150010043175
25986,oleksandriia-2,місто,Олександрія,Кіровоградська область,3510300000,UA35080050010051027
25987,znamianka-2,місто,Знам'янка,Кіровоградська область,3510600000,UA35040130010097956
26171,novoukrainka-5,місто,Новоукраїнка,Кіровоградська область,3524010100,UA35060150010035817
26331,troitske-4,село,Троїцьке,Луганська область,4425455100,UA44100130010040850
26399,brody-2,місто,Броди,Львівська область,4620310100,UA46040010010077682
26424,horodok-3,місто,Городок,Львівська область,4620910100,UA46060070010047335
26504,sokilnyky-2,село,Сокільники,Львівська область,4623686401,UA46060410010099446
26549,pervomaisk-2,місто,Первомайськ,Миколаївська область,4810400000,UA48080130010068596
26552,kostiantynivka-8,селище міського типу,Костянтинівка,Миколаївська область,4820355700,UA48040250020017014
26553,blahodatne-8,село,Благодатне,Миколаївська область,4820380401,UA48080030010012495
26554,ivanivka-12,село,Іванівка,Миколаївська область,4823981002,UA48080090240053889
26556,novoselivka-8,село,Новоселівка,Миколаївська область,4820382601,UA48080010090074558
26601,oleksandrivka-11,село,Олександрівка,Миколаївська область,4822055200,UA48040190010081999
26641,mykolaivka-9,село,Миколаївка,Миколаївська область,4823980404,UA48080090150023459
26729,sofiivka-9,село,Софіївка,Миколаївська область,4825486701,UA48080110110097021
26747,snihurivka-2,місто,Снігурівка,Миколаївська область,4825710100,UA48020190010089719
26762,serhiivka-8,селище міського типу,Сергіївка,Одеська область,5122581602,UA51120090170037648
26763,biliaivka-2,місто,Біляївка,Одеська область,5110500000,UA51100030010096432
26764,oleksandrivka-12,селище міського типу,Олександрівка,Одеська область,5122583902,UA51120090100084577
26765,yuzhne-3,місто,Южне,Одеська область,5111700000,UA51100410010044384
26786,vasylivka-9,село,Василівка,Одеська область,5123381402,UA51120070020085780
26818,sofiivka-10,село,Софіївка,Одеська область,5123555104,UA51020150180028123
26832,dachne-5,село,Дачне,Одеська область,5121082401,UA51100150010077639
26894,suvorove-2,селище міського типу,Суворове,Одеська область,5122055400,UA51080110010083652
26925,zatyshshia-2,село,Затишшя,Одеська область,5122981702,UA51120110200083222
27028,mykhailivka-13,село,Михайлівка,Полтавська область,5320885303,UA53040010170061933
27083,popivka-5,село,Попівка,Полтавська область,5323286001,UA53060150240052216
27100,andriivka-12,село,Андріївка,Полтавська область,5323283402,UA53060150020092959
27105,nadezhda-2,село,Надежда,Полтавська область,5321084001,UA53080050340014143
27121,karlivka-3,місто,Карлівка,Полтавська область,5321610100,UA53080110010062221
27249,veselyi-podil-2,село,Веселий Поділ,Полтавська область,5324581201,UA53020230140055051
27302,zabolottia-2,село,Заболоття,Рівненська область,5625080803,UA56080010060097255
27307,sukhovolia-3,село,Суховоля,Рівненська область,5620886203,UA56020150070058724
27314,zarichne-11,село,Зарічне,Рівненська область,5621281204,UA56060070040056308
27357,dubrovytsia-2,місто,Дубровиця,Рівненська область,5621810100,UA56080070010011646
27396,rokytne-4,селище,Рокитне,Рівненська область,5625055100,UA56080150010051265
27438,zoria-10,село,Зоря,Рівненська область,5624684901,UA56060270010076018
27543,druzhba-11,село,Дружба,Сумська область,5925610300,UA59100050010097062
27725,trostianets-7,місто,Тростянець,Сумська область,5925010100,UA59040130010060037
27739,yampil-3,селище міського типу,Ямпіль,Сумська область,5925655100,UA59100190010090128
27746,berezhany-2,місто,Бережани,Тернопільська область,6110500000,UA61040030010016917
27767,borshchiv-4,місто,Борщів,Тернопільська область,6120810100,UA61060050010030430
27940,lozova-2,місто,Лозова,Харківська область,6321684805,UA63140010390030850
28088,buriakivka-2,село,Буряківка,Харківська область,6321455102,UA63080010060059008
28114,lyman-3,село,Лиман,Харківська область,6321688703,UA63140110070097631
28271,budy-3,селище міського типу,Буди,Харківська область,6325156100,UA63120190020022059
28346,vesele-15,селище,Веселе,Херсонська область,6520983302,UA65020050100081406
28369,mala-oleksandrivka-2,село,Мала Олександрівка,Херсонська область,6520982501,UA65020050190084578
28392,mykhailivka-18,село,Михайлівка,Херсонська область,6521580603,UA65060050110080875
28550,yampil-4,селище міського типу,Ямпіль,Хмельницька область,6820355600,UA68060350010030995
28607,horodok-6,місто,Городок,Хмельницька область,6821210100,UA68040130010039416
28611,kamianka-19,село,Кам'янка,Хмельницька область,6821282901,UA68040350110070604
28766,komarivka-11,село,Комарівка,Хмельницька область,6823986803,UA68060110050042489
28841,yarmolyntsi-2,селище міського типу,Ярмолинці,Хмельницька область,6825855100,UA68040530010073509
28855,cherkasy,місто,Черкаси,Черкаська область,7110100000,UA71080490010015879
28857,horodyshche-11,місто,Городище,Черкаська область,7120310100,UA71080110010037357
28881,mykhailivka-20,село,Михайлівка,Черкаська область,7120686901,UA71040070100054705
28904,zvenyhorodka-2,місто,Звенигородка,Черкаська область,7121210100,UA71020130010081908
28905,budyshche-2,село,Будище,Черкаська область,7124981501,UA71080090010064003
28917,voznesenske-5,село,Вознесенське,Черкаська область,7121582001,UA71040030010094831
28935,sofiivka-14,село,Софіївка,Черкаська область,7121589201,UA71040170060018992
28938,kamianka-20,місто,Кам'янка,Черкаська область,7121810100,UA71080130010022318
28968,verbovets-4,село,Вербовець,Черкаська область,7122281001,UA71020150030090487
28977,yaroshivka-3,село,Ярошівка,Черкаська область,7122288501,UA71020230080083019
28986,selyshche-5,село,Селище,Черкаська область,7122587601,UA71020250010017952
28991,lysianka-2,селище міського типу,Лисянка,Черкаська область,7122855100,UA71020190010039509
29004,mankivka-3,селище міського типу,Маньківка,Черкаська область,7123155100,UA71060150010031935
29005,buky-2,селище міського типу,Буки,Черкаська область,7123155300,UA71060050010072245
29013,nove-misto-2,село,Нове Місто,Черкаська область,7123410102,UA71060170210067444
29060,chervona-sloboda-3,село,Червона Слобода,Черкаська область,7124989001,UA71080470010093292
29105,hlyboka-2,селище міського типу,Глибока,Чернівецька область,7321055100,UA73060150010043412
29131,novoselytsia-10,село,Новоселиця,Чернівецька область,7322087201,UA73040030220077721
29167,pryluky-2,місто,Прилуки,Чернігівська область,7410700000,UA74080130010045104
29230,yaroslavka-4,село,Ярославка,Чернігівська область,7420688401,UA74040050400035411
29240,ivanivka-22,село,Іванівка,Чернігівська область,7424782001,UA74060070220044187
29273,kulykivka-4,село,Куликівка,Чернігівська область,7421485401,UA74100370080055184
29364,semenivka-17,село,Семенівка,Чернігівська область,7424710100,UA74060070010010511
29892,kryva-gora,село,Крива Гора,Київська область,NULL,NULL
29894,korogod,село,Корогод,Київська область,NULL,NULL
29895,stari-shypelychi,село,Старі Шепеличі,Київська область,NULL,NULL
29896,buryakivka,село,Буряківка,Київська область,NULL,NULL
29898,sevastopol,місто,Севастополь,Автономна Республіка Крим,,NULL
32796,zazymie,місто,Зазим'є,Київська область,NULL,NULL
34514,volodymyr,місто,Володимир,Волинська область,NULL,NULL
34515,otashiv,село,Оташів,Київська область,NULL,NULL
34616,zviahel,місто,Звягель,Житомирська область,NULL,NULL
34681,sheptytskyi,місто,Шептицький,Львівська область,NULL,NULL
34682,samar,місто,Самар,Дніпропетровська область,NULL,NULL
34684,dombas,місто,Домбас,Київська область,NULL,NULL
34685,mozolevske,місто,Мозолевське,Дніпропетровська область,NULL,NULL
